season_ep,name,rating,date,minutes,url
Special 1,"""Children in Need: Born Again""",79%,2005-11-18T18:30:00Z,7m,https://trakt.tv/shows/doctor-who-2005/seasons/0/episodes/1
Special 2,"""The Christmas Invasion""",79%,2005-12-25T18:30:00Z,1h 2m,https://trakt.tv/shows/doctor-who-2005/seasons/0/episodes/2
Special 3,"""Attack of the Graske""",70%,2005-12-25T18:30:00Z,14m,https://trakt.tv/shows/doctor-who-2005/seasons/0/episodes/3
Special 4,"""The Runaway Bride""",80%,2006-12-25T18:30:00Z,1h 4m,https://trakt.tv/shows/doctor-who-2005/seasons/0/episodes/4
Special 5,"""The Infinite Quest""",64%,2007-06-30T17:30:00Z,45m,https://trakt.tv/shows/doctor-who-2005/seasons/0/episodes/5
Special 6,"""Children in Need: Time Crash""",84%,2007-11-16T18:30:00Z,8m,https://trakt.tv/shows/doctor-who-2005/seasons/0/episodes/6
Special 7,"""Voyage of the Damned""",78%,2007-12-25T18:30:00Z,1h 16m,https://trakt.tv/shows/doctor-who-2005/seasons/0/episodes/7
Special 8,"""Proms Special: Music of the Spheres""",73%,2008-07-27T17:30:00Z,7m,https://trakt.tv/shows/doctor-who-2005/seasons/0/episodes/8
Special 9,"""The Next Doctor""",74%,2008-12-25T18:30:00Z,1h 1m,https://trakt.tv/shows/doctor-who-2005/seasons/0/episodes/9
Special 10,"""Christmas Moments""",76%,2008-12-25T18:30:00Z,10m,https://trakt.tv/shows/doctor-who-2005/seasons/0/episodes/10
Special 11,"""Doctor Who at the Proms""",84%,2009-01-01T18:30:00Z,59m,https://trakt.tv/shows/doctor-who-2005/seasons/0/episodes/11
Special 12,"""Proms Special: Behind the Scenes""",80%,2009-01-01T18:30:00Z,28m,https://trakt.tv/shows/doctor-who-2005/seasons/0/episodes/12
Special 13,"""Planet of the Dead""",77%,2009-04-11T17:30:00Z,59m,https://trakt.tv/shows/doctor-who-2005/seasons/0/episodes/13
Special 14,"""The Waters of Mars""",85%,2009-11-15T18:30:00Z,1h 3m,https://trakt.tv/shows/doctor-who-2005/seasons/0/episodes/14
Special 15,"""Dreamland""",62%,2009-12-05T18:30:00Z,44m,https://trakt.tv/shows/doctor-who-2005/seasons/0/episodes/15
Special 16,"""The End of Time (1)""",84%,2009-12-25T18:30:00Z,1h,https://trakt.tv/shows/doctor-who-2005/seasons/0/episodes/16
Special 17,"""The End of Time (2)""",89%,2010-01-01T18:30:00Z,1h 13m,https://trakt.tv/shows/doctor-who-2005/seasons/0/episodes/17
Special 18,"""The Ultimate Guide""",78%,2010-04-17T17:30:00Z,45m,https://trakt.tv/shows/doctor-who-2005/seasons/0/episodes/18
Special 19,"""Tardisode 01: New Earth""",74%,2006-04-08T17:30:00Z,1m,https://trakt.tv/shows/doctor-who-2005/seasons/0/episodes/19
Special 20,"""Tardisode 02: Tooth And Claw""",73%,2006-04-15T17:30:00Z,1m,https://trakt.tv/shows/doctor-who-2005/seasons/0/episodes/20
Special 21,"""Tardisode 03: School Reunion""",74%,2006-04-22T17:30:00Z,1m,https://trakt.tv/shows/doctor-who-2005/seasons/0/episodes/21
Special 22,"""Tardisode 04: The Girl In The Fireplace""",79%,2006-04-29T17:30:00Z,1m,https://trakt.tv/shows/doctor-who-2005/seasons/0/episodes/22
Special 23,"""Tardisode 05: Rise of the Cybermen""",72%,2006-05-06T17:30:00Z,1m,https://trakt.tv/shows/doctor-who-2005/seasons/0/episodes/23
Special 24,"""Tardisode 06: The Age Of Steel""",72%,2006-05-13T17:30:00Z,1m,https://trakt.tv/shows/doctor-who-2005/seasons/0/episodes/24
Special 25,"""Tardisode 07: The Idiot's Lantern""",74%,2006-05-20T17:30:00Z,1m,https://trakt.tv/shows/doctor-who-2005/seasons/0/episodes/25
Special 26,"""Tardisode 08: The Impossible Planet""",73%,2006-05-27T17:30:00Z,1m,https://trakt.tv/shows/doctor-who-2005/seasons/0/episodes/26
Special 27,"""Tardisode 09: The Satan Pit""",74%,2006-06-03T17:30:00Z,1m,https://trakt.tv/shows/doctor-who-2005/seasons/0/episodes/27
Special 28,"""Tardisode 10: Love And Monsters""",71%,2006-06-17T17:30:00Z,1m,https://trakt.tv/shows/doctor-who-2005/seasons/0/episodes/28
Special 29,"""Tardisode 11: Fear Her""",71%,2006-06-17T17:30:00Z,1m,https://trakt.tv/shows/doctor-who-2005/seasons/0/episodes/29
Special 30,"""Tardisode 12: Army Of Ghosts""",72%,2006-06-24T17:30:00Z,1m,https://trakt.tv/shows/doctor-who-2005/seasons/0/episodes/30
Special 31,"""Tardisode 13: Doomsday""",75%,2006-07-01T17:30:00Z,1m,https://trakt.tv/shows/doctor-who-2005/seasons/0/episodes/31
Special 32,"""Doctor Who at the Proms (2010)""",88%,2010-09-06T17:30:00Z,1h 14m,https://trakt.tv/shows/doctor-who-2005/seasons/0/episodes/32
Special 33,"""Children in Need: A TARDIS Tea Party""",77%,2010-11-19T18:30:00Z,6m,https://trakt.tv/shows/doctor-who-2005/seasons/0/episodes/33
Special 34,"""A Christmas Carol""",84%,2010-12-25T18:30:00Z,1h 2m,https://trakt.tv/shows/doctor-who-2005/seasons/0/episodes/34
Special 35,"""Space (1)""",86%,2011-03-18T18:30:00Z,4m,https://trakt.tv/shows/doctor-who-2005/seasons/0/episodes/35
Special 36,"""Time (2)""",85%,2011-03-18T18:30:00Z,3m,https://trakt.tv/shows/doctor-who-2005/seasons/0/episodes/36
Special 37,"""Best of the Doctor""",79%,2011-08-13T17:30:00Z,43m,https://trakt.tv/shows/doctor-who-2005/seasons/0/episodes/37
Special 38,"""Death is the Only Answer""",70%,2011-10-01T17:30:00Z,4m,https://trakt.tv/shows/doctor-who-2005/seasons/0/episodes/38
Special 39,"""Best of the Monsters""",80%,2011-08-27T17:30:00Z,43m,https://trakt.tv/shows/doctor-who-2005/seasons/0/episodes/39
Special 40,"""Best of the Companions""",79%,2011-09-03T17:30:00Z,43m,https://trakt.tv/shows/doctor-who-2005/seasons/0/episodes/40
Special 41,"""Doctor Who: A Celebration Concert""",83%,2007-05-28T17:30:00Z,1h 30m,https://trakt.tv/shows/doctor-who-2005/seasons/0/episodes/41
Special 42,"""The Impossible Astronaut Prequel""",78%,2011-03-25T18:30:00Z,2m,https://trakt.tv/shows/doctor-who-2005/seasons/0/episodes/42
Special 43,"""The Curse of the Black Spot Prequel""",72%,2011-04-30T17:30:00Z,1m,https://trakt.tv/shows/doctor-who-2005/seasons/0/episodes/43
Special 44,"""A Good Man Goes to War Prequel""",79%,2011-05-28T17:30:00Z,2m,https://trakt.tv/shows/doctor-who-2005/seasons/0/episodes/44
Special 45,"""Let's Kill Hitler Prequel""",80%,2011-08-15T17:30:00Z,2m,https://trakt.tv/shows/doctor-who-2005/seasons/0/episodes/45
Special 46,"""The Wedding of River Song Prequel""",79%,2011-09-26T17:30:00Z,1m,https://trakt.tv/shows/doctor-who-2005/seasons/0/episodes/46
Special 47,"""The Doctor, the Widow and the Wardrobe""",78%,2011-12-25T18:30:00Z,1h,https://trakt.tv/shows/doctor-who-2005/seasons/0/episodes/47
Special 48,"""Children in Need: The Doctor's Clothes""",76%,2011-11-18T18:30:00Z,3m,https://trakt.tv/shows/doctor-who-2005/seasons/0/episodes/48
Special 49,"""Best of the Christmas Specials""",80%,2011-12-24T18:30:00Z,45m,https://trakt.tv/shows/doctor-who-2005/seasons/0/episodes/49
Special 50,"""The Doctor, the Widow and the Wardrobe Prequel""",77%,2011-12-06T18:30:00Z,1m,https://trakt.tv/shows/doctor-who-2005/seasons/0/episodes/50
Special 51,"""Night and the Doctor: Bad Night""",78%,2011-11-22T18:30:00Z,3m,https://trakt.tv/shows/doctor-who-2005/seasons/0/episodes/51
Special 52,"""Night and the Doctor: Good Night""",80%,2011-11-22T18:30:00Z,4m,https://trakt.tv/shows/doctor-who-2005/seasons/0/episodes/52
Special 53,"""Night and the Doctor: First Night""",80%,2011-11-22T18:30:00Z,2m,https://trakt.tv/shows/doctor-who-2005/seasons/0/episodes/53
Special 54,"""Night and the Doctor: Last Night""",85%,2011-11-22T18:30:00Z,3m,https://trakt.tv/shows/doctor-who-2005/seasons/0/episodes/54
Special 55,"""Night and the Doctor: Up All Night""",73%,2011-11-22T18:30:00Z,2m,https://trakt.tv/shows/doctor-who-2005/seasons/0/episodes/55
Special 56,"""Good as Gold""",69%,2012-05-24T17:30:00Z,3m,https://trakt.tv/shows/doctor-who-2005/seasons/0/episodes/56
Special 57,"""The Science of Doctor Who""",74%,2012-08-04T17:30:00Z,43m,https://trakt.tv/shows/doctor-who-2005/seasons/0/episodes/57
Special 58,"""The Women of Doctor Who""",79%,2012-08-11T17:30:00Z,45m,https://trakt.tv/shows/doctor-who-2005/seasons/0/episodes/58
Special 59,"""The Timey-Wimey of Doctor Who""",79%,2012-08-18T17:30:00Z,45m,https://trakt.tv/shows/doctor-who-2005/seasons/0/episodes/59
Special 60,"""The Destinations of Doctor Who""",82%,2012-08-25T17:30:00Z,45m,https://trakt.tv/shows/doctor-who-2005/seasons/0/episodes/60
Special 61,"""Pond Life (1)""",80%,2012-08-27T17:30:00Z,1m,https://trakt.tv/shows/doctor-who-2005/seasons/0/episodes/61
Special 62,"""Pond Life (2)""",81%,2012-08-28T17:30:00Z,1m,https://trakt.tv/shows/doctor-who-2005/seasons/0/episodes/62
Special 63,"""Pond Life (3)""",81%,2012-08-29T17:30:00Z,1m,https://trakt.tv/shows/doctor-who-2005/seasons/0/episodes/63
Special 64,"""Pond Life (4)""",83%,2012-08-30T17:30:00Z,1m,https://trakt.tv/shows/doctor-who-2005/seasons/0/episodes/64
Special 65,"""Pond Life (5)""",81%,2012-08-31T17:30:00Z,1m,https://trakt.tv/shows/doctor-who-2005/seasons/0/episodes/65
Special 66,"""The Snowmen""",85%,2012-12-25T18:30:00Z,1h,https://trakt.tv/shows/doctor-who-2005/seasons/0/episodes/66
Special 67,"""Meanwhile in the TARDIS (1)""",81%,2010-11-09T18:30:00Z,3m,https://trakt.tv/shows/doctor-who-2005/seasons/0/episodes/67
Special 68,"""Meanwhile in the TARDIS (2)""",82%,2010-11-09T18:30:00Z,4m,https://trakt.tv/shows/doctor-who-2005/seasons/0/episodes/68
Special 69,"""Asylum of the Daleks Prequel""",78%,2012-09-02T17:30:00Z,2m,https://trakt.tv/shows/doctor-who-2005/seasons/0/episodes/69
Special 70,"""The Making of the Gunslinger (A Town Called Mercy Prequel)""",74%,2012-09-09T17:30:00Z,2m,https://trakt.tv/shows/doctor-who-2005/seasons/0/episodes/70
Special 71,"""The Last Day of the Ponds""",86%,2012-09-29T17:30:00Z,12m,https://trakt.tv/shows/doctor-who-2005/seasons/0/episodes/71
Special 72,"""Doctor Who in America""",79%,2011-04-30T17:30:00Z,44m,https://trakt.tv/shows/doctor-who-2005/seasons/0/episodes/72
Special 73,"""Doctor Who in the U.S.""",81%,2012-09-29T17:30:00Z,43m,https://trakt.tv/shows/doctor-who-2005/seasons/0/episodes/73
Special 74,"""The Great Detective (Children in Need)""",76%,2012-11-16T18:30:00Z,4m,https://trakt.tv/shows/doctor-who-2005/seasons/0/episodes/74
Special 75,"""Doctor Who: P.S.""",90%,2012-10-12T17:30:00Z,4m,https://trakt.tv/shows/doctor-who-2005/seasons/0/episodes/75
Special 76,"""Doctor Who: Rewind - Trust your Doctor""",79%,2011-04-23T17:30:00Z,45m,https://trakt.tv/shows/doctor-who-2005/seasons/0/episodes/76
Special 77,"""Vastra Investigates: A Christmas Prequel""",81%,2012-12-17T18:30:00Z,3m,https://trakt.tv/shows/doctor-who-2005/seasons/0/episodes/77
Special 78,"""An Adventure in Space and Time""",92%,2013-11-21T18:30:00Z,1h 30m,https://trakt.tv/shows/doctor-who-2005/seasons/0/episodes/78
Special 79,"""The Bells of Saint John: A Prequel""",81%,2013-03-23T18:30:00Z,2m,https://trakt.tv/shows/doctor-who-2005/seasons/0/episodes/79
Special 80,"""The Battle of Demons Run: Two Days Later""",81%,2013-03-25T18:30:00Z,2m,https://trakt.tv/shows/doctor-who-2005/seasons/0/episodes/80
Special 81,"""National Television Awards Sketch 2011""",73%,2011-01-26T18:30:00Z,4m,https://trakt.tv/shows/doctor-who-2005/seasons/0/episodes/81
Special 82,"""The Night of the Doctor""",84%,2013-11-14T18:30:00Z,7m,https://trakt.tv/shows/doctor-who-2005/seasons/0/episodes/82
Special 83,"""The Day of the Doctor""",93%,2013-11-23T18:30:00Z,1h 17m,https://trakt.tv/shows/doctor-who-2005/seasons/0/episodes/83
Special 84,"""The Time of the Doctor""",83%,2013-12-25T18:30:00Z,1h 1m,https://trakt.tv/shows/doctor-who-2005/seasons/0/episodes/84
Special 85,"""She Said, He Said (The Name of the Doctor Prequel)""",81%,2013-05-11T17:30:00Z,3m,https://trakt.tv/shows/doctor-who-2005/seasons/0/episodes/85
Special 86,"""Clarence and the Whispermen (The Name of the Doctor Prequel)""",74%,2013-05-27T17:30:00Z,2m,https://trakt.tv/shows/doctor-who-2005/seasons/0/episodes/86
Special 87,"""Doctor Who Live: The Next Doctor""",79%,2013-08-04T17:30:00Z,35m,https://trakt.tv/shows/doctor-who-2005/seasons/0/episodes/87
Special 88,"""Doctor Who at the Proms 2013""",88%,2013-08-26T17:30:00Z,1h 14m,https://trakt.tv/shows/doctor-who-2005/seasons/0/episodes/88
Special 89,"""The Companions""",88%,2013-03-31T17:30:00Z,44m,https://trakt.tv/shows/doctor-who-2005/seasons/0/episodes/89
Special 90,"""The Science of Doctor Who""",80%,2013-11-14T18:30:00Z,59m,https://trakt.tv/shows/doctor-who-2005/seasons/0/episodes/90
Special 91,"""The Ultimate Guide""",84%,2013-11-18T18:30:00Z,1h 58m,https://trakt.tv/shows/doctor-who-2005/seasons/0/episodes/91
Special 92,"""The Afterparty""",73%,2013-11-23T18:30:00Z,59m,https://trakt.tv/shows/doctor-who-2005/seasons/0/episodes/92
Special 93,"""The Last Day""",76%,2013-11-20T18:30:00Z,3m,https://trakt.tv/shows/doctor-who-2005/seasons/0/episodes/93
Special 94,"""Doctor Who Explained""",81%,2013-11-22T18:30:00Z,45m,https://trakt.tv/shows/doctor-who-2005/seasons/0/episodes/94
Special 95,"""The Five(ish) Doctors Reboot""",86%,2013-11-23T18:30:00Z,31m,https://trakt.tv/shows/doctor-who-2005/seasons/0/episodes/95
Special 96,"""The Day of the Doctor: Behind the Lens""",84%,2013-11-23T18:30:00Z,13m,https://trakt.tv/shows/doctor-who-2005/seasons/0/episodes/96
Special 97,"""Tales from the TARDIS""",87%,2013-11-18T18:30:00Z,43m,https://trakt.tv/shows/doctor-who-2005/seasons/0/episodes/97
Special 98,"""Clara and the TARDIS""",81%,2013-09-24T17:30:00Z,2m,https://trakt.tv/shows/doctor-who-2005/seasons/0/episodes/98
Special 99,"""Rain Gods""",76%,2013-09-24T17:30:00Z,2m,https://trakt.tv/shows/doctor-who-2005/seasons/0/episodes/99
Special 100,"""The Inforarium""",80%,2013-09-24T17:30:00Z,2m,https://trakt.tv/shows/doctor-who-2005/seasons/0/episodes/100
Special 101,"""Farewell to Matt Smith""",86%,2013-12-25T18:30:00Z,43m,https://trakt.tv/shows/doctor-who-2005/seasons/0/episodes/101
Special 102,"""Tonight's the Night""",76%,2009-05-23T17:30:00Z,6m,https://trakt.tv/shows/doctor-who-2005/seasons/0/episodes/102
Special 103,"""The Time of the Doctor: Behind the Lens""",85%,2013-12-26T18:30:00Z,12m,https://trakt.tv/shows/doctor-who-2005/seasons/0/episodes/103
Special 115,"""Greatest Monsters and Villains (1) - The Judoon""",77%,2013-11-15T18:30:00Z,5m,https://trakt.tv/shows/doctor-who-2005/seasons/0/episodes/115
Special 116,"""Greatest Monsters and Villains (2) - The Silurians""",75%,2013-11-15T18:30:00Z,5m,https://trakt.tv/shows/doctor-who-2005/seasons/0/episodes/116
Special 117,"""Greatest Monsters and Villains (3) - The Ood""",77%,2013-11-15T18:30:00Z,5m,https://trakt.tv/shows/doctor-who-2005/seasons/0/episodes/117
Special 118,"""Greatest Monsters and Villains (4) - The Clockwork Men""",77%,2013-11-15T18:30:00Z,5m,https://trakt.tv/shows/doctor-who-2005/seasons/0/episodes/118
Special 119,"""Greatest Monsters and Villains (5) - The Ice Warriors""",76%,2013-11-16T18:30:00Z,5m,https://trakt.tv/shows/doctor-who-2005/seasons/0/episodes/119
Special 120,"""Greatest Monsters and Villains (6) - The Cybermen""",76%,2013-11-16T18:30:00Z,5m,https://trakt.tv/shows/doctor-who-2005/seasons/0/episodes/120
Special 121,"""Greatest Monsters and Villains (7) - The Silence""",80%,2013-11-16T18:30:00Z,5m,https://trakt.tv/shows/doctor-who-2005/seasons/0/episodes/121
Special 122,"""Greatest Monsters and Villains (8) - The Master""",80%,2013-11-17T18:30:00Z,5m,https://trakt.tv/shows/doctor-who-2005/seasons/0/episodes/122
Special 123,"""Greatest Monsters and Villains (9) - The Weeping Angels""",80%,2013-11-17T18:30:00Z,5m,https://trakt.tv/shows/doctor-who-2005/seasons/0/episodes/123
Special 124,"""Greatest Monsters and Villains (10) - The Daleks""",82%,2013-11-17T18:30:00Z,5m,https://trakt.tv/shows/doctor-who-2005/seasons/0/episodes/124
Special 125,"""The Ultimate Companion""",76%,2014-08-17T17:30:00Z,45m,https://trakt.tv/shows/doctor-who-2005/seasons/0/episodes/125
Special 126,"""The Ultimate Time Lord""",77%,2014-08-19T17:30:00Z,43m,https://trakt.tv/shows/doctor-who-2005/seasons/0/episodes/126
Special 127,"""Doctor Who: Earth Conquest - The World Tour""",79%,2014-12-25T18:30:00Z,49m,https://trakt.tv/shows/doctor-who-2005/seasons/0/episodes/127
Special 128,"""Live Preshow""",72%,2014-08-23T17:30:00Z,30m,https://trakt.tv/shows/doctor-who-2005/seasons/0/episodes/128
Special 129,"""After Who Live""",75%,2014-08-23T17:30:00Z,30m,https://trakt.tv/shows/doctor-who-2005/seasons/0/episodes/129
Special 130,"""Doctor Who Extra: Deep Breath""",77%,2014-08-23T17:30:00Z,11m,https://trakt.tv/shows/doctor-who-2005/seasons/0/episodes/130
Special 131,"""Doctor Who Extra: Into the Dalek""",77%,2014-08-30T17:30:00Z,11m,https://trakt.tv/shows/doctor-who-2005/seasons/0/episodes/131
Special 132,"""Doctor Who Extra: Robot of Sherwood""",77%,2014-09-06T17:30:00Z,12m,https://trakt.tv/shows/doctor-who-2005/seasons/0/episodes/132
Special 133,"""Doctor Who Extra: Listen""",80%,2014-09-13T17:30:00Z,11m,https://trakt.tv/shows/doctor-who-2005/seasons/0/episodes/133
Special 134,"""Doctor Who Extra: Time Heist""",79%,2014-09-20T17:30:00Z,11m,https://trakt.tv/shows/doctor-who-2005/seasons/0/episodes/134
Special 135,"""Doctor Who Extra: The Caretaker""",73%,2014-09-27T17:30:00Z,10m,https://trakt.tv/shows/doctor-who-2005/seasons/0/episodes/135
Special 136,"""Doctor Who Extra: Kill the Moon""",75%,2014-10-04T17:30:00Z,10m,https://trakt.tv/shows/doctor-who-2005/seasons/0/episodes/136
Special 137,"""Doctor Who Extra: Mummy on the Orient Express""",77%,2014-10-11T17:30:00Z,10m,https://trakt.tv/shows/doctor-who-2005/seasons/0/episodes/137
Special 138,"""Doctor Who Extra: Flatline""",76%,2014-10-18T17:30:00Z,11m,https://trakt.tv/shows/doctor-who-2005/seasons/0/episodes/138
Special 139,"""Doctor Who Extra: The Forest of the Night""",75%,2014-10-25T17:30:00Z,10m,https://trakt.tv/shows/doctor-who-2005/seasons/0/episodes/139
Special 140,"""Doctor Who Extra: Dark Water""",76%,2014-11-01T18:30:00Z,11m,https://trakt.tv/shows/doctor-who-2005/seasons/0/episodes/140
Special 141,"""Doctor Who Extra: Death in Heaven""",74%,2014-11-08T18:30:00Z,14m,https://trakt.tv/shows/doctor-who-2005/seasons/0/episodes/141
Special 142,"""Last Christmas""",81%,2014-12-25T18:30:00Z,1h,https://trakt.tv/shows/doctor-who-2005/seasons/0/episodes/142
Special 143,"""Doctor Who Extra: Last Christmas""",79%,2014-12-25T18:30:00Z,13m,https://trakt.tv/shows/doctor-who-2005/seasons/0/episodes/143
Special 144,"""Doctor Who Extra: The Husbands of River Song""",79%,2015-12-25T18:30:00Z,20m,https://trakt.tv/shows/doctor-who-2005/seasons/0/episodes/144
Special 145,"""Deep Breath Prequel""",80%,2014-08-23T17:30:00Z,6m,https://trakt.tv/shows/doctor-who-2005/seasons/0/episodes/145
Special 146,"""Season 9 Prologue""",77%,2015-09-11T17:30:00Z,2m,https://trakt.tv/shows/doctor-who-2005/seasons/0/episodes/146
Special 147,"""The Doctor's Meditation""",76%,2015-09-18T17:30:00Z,7m,https://trakt.tv/shows/doctor-who-2005/seasons/0/episodes/147
Special 148,"""The Husbands of River Song""",84%,2015-12-25T18:30:00Z,57m,https://trakt.tv/shows/doctor-who-2005/seasons/0/episodes/148
Special 149,"""The Return of Doctor Mysterio""",77%,2016-12-25T18:30:00Z,1h 1m,https://trakt.tv/shows/doctor-who-2005/seasons/0/episodes/149
Special 150,"""Doctor Who Extra: The Return of Doctor Mysterio""",78%,2016-12-29T18:30:00Z,25m,https://trakt.tv/shows/doctor-who-2005/seasons/0/episodes/150
Special 151,"""The Doctor: A New Kind of Hero""",85%,2016-12-27T18:30:00Z,1m,https://trakt.tv/shows/doctor-who-2005/seasons/0/episodes/151
Special 152,"""Friend from the Future""",70%,2016-04-23T17:30:00Z,2m,https://trakt.tv/shows/doctor-who-2005/seasons/0/episodes/152
Special 153,"""Meet the Thirteenth Doctor""",82%,2017-07-16T17:30:00Z,1m,https://trakt.tv/shows/doctor-who-2005/seasons/0/episodes/153
Special 154,"""Twice Upon a Time""",82%,2017-12-25T18:30:00Z,1h 3m,https://trakt.tv/shows/doctor-who-2005/seasons/0/episodes/154
Special 155,"""An Adventure in Space and Time: Behind the Scenes""",84%,2013-11-21T18:30:00Z,11m,https://trakt.tv/shows/doctor-who-2005/seasons/0/episodes/155
Special 156,"""Resolution""",71%,2019-01-01T18:30:00Z,1h 1m,https://trakt.tv/shows/doctor-who-2005/seasons/0/episodes/156
Special 157,"""Farewell, Sarah Jane""",73%,2020-04-19T17:30:00Z,13m,https://trakt.tv/shows/doctor-who-2005/seasons/0/episodes/157
Special 158,"""Revolution of the Daleks""",69%,2021-01-01T18:30:00Z,1h 12m,https://trakt.tv/shows/doctor-who-2005/seasons/0/episodes/158
Special 159,"""Christopher Eccleston Interview""",68%,2005-11-21T18:30:00Z,12m,https://trakt.tv/shows/doctor-who-2005/seasons/0/episodes/159
Special 160,"""Destroying the Lair""",72%,2005-11-21T18:30:00Z,3m,https://trakt.tv/shows/doctor-who-2005/seasons/0/episodes/160
Special 161,"""Making Doctor Who with Russell T Davies""",76%,2005-11-21T18:30:00Z,15m,https://trakt.tv/shows/doctor-who-2005/seasons/0/episodes/161
Special 162,"""Waking the Dead""",77%,2005-11-21T18:30:00Z,57m,https://trakt.tv/shows/doctor-who-2005/seasons/0/episodes/162
Special 163,"""Laying Ghosts""",77%,2005-11-21T18:30:00Z,8m,https://trakt.tv/shows/doctor-who-2005/seasons/0/episodes/163
Special 164,"""Series 1 Promos""",78%,2005-11-21T18:30:00Z,45m,https://trakt.tv/shows/doctor-who-2005/seasons/0/episodes/164
Special 165,"""Doctor Who Trailer Storyboard""",71%,2005-11-21T18:30:00Z,1m,https://trakt.tv/shows/doctor-who-2005/seasons/0/episodes/165
Special 166,"""Deconstructing Big Ben""",76%,2005-11-21T18:30:00Z,5m,https://trakt.tv/shows/doctor-who-2005/seasons/0/episodes/166
Special 167,"""On Set With Billie Piper""",70%,2005-11-21T18:30:00Z,35m,https://trakt.tv/shows/doctor-who-2005/seasons/0/episodes/167
Special 168,"""Mike Tucker's Mocks of Balloons""",76%,2005-11-21T18:30:00Z,2m,https://trakt.tv/shows/doctor-who-2005/seasons/0/episodes/168
Special 169,"""Designing Doctor Who""",75%,2005-11-21T18:30:00Z,2m,https://trakt.tv/shows/doctor-who-2005/seasons/0/episodes/169
Special 170,"""The Adventures of Captain Jack""",67%,2005-11-21T18:30:00Z,8m,https://trakt.tv/shows/doctor-who-2005/seasons/0/episodes/170
Special 171,"""Series 1 TV Spots""",71%,2005-11-21T18:30:00Z,45m,https://trakt.tv/shows/doctor-who-2005/seasons/0/episodes/171
Special 172,"""Billie Piper's Series 2 Video Diary""",68%,2006-11-20T18:30:00Z,5m,https://trakt.tv/shows/doctor-who-2005/seasons/0/episodes/172
Special 173,"""David Tennant's Series 2 Video Diary""",70%,2006-11-20T18:30:00Z,51m,https://trakt.tv/shows/doctor-who-2005/seasons/0/episodes/173
Special 174,"""Series 2 Outtakes""",71%,2006-11-20T18:30:00Z,8m,https://trakt.tv/shows/doctor-who-2005/seasons/0/episodes/174
Special 175,"""Series 2 Deleted Scenes""",71%,2006-11-20T18:30:00Z,16m,https://trakt.tv/shows/doctor-who-2005/seasons/0/episodes/175
Special 176,"""Freema Agyeman Studio Tour""",73%,2007-11-05T18:30:00Z,18m,https://trakt.tv/shows/doctor-who-2005/seasons/0/episodes/176
Special 177,"""Series 3 Deleted Scenes""",71%,2007-11-05T18:30:00Z,18m,https://trakt.tv/shows/doctor-who-2005/seasons/0/episodes/177
Special 178,"""Series 3 Outtakes""",71%,2007-11-05T18:30:00Z,5m,https://trakt.tv/shows/doctor-who-2005/seasons/0/episodes/178
Special 179,"""Series 3 TV Spots (Part 1)""",72%,2007-11-05T18:30:00Z,45m,https://trakt.tv/shows/doctor-who-2005/seasons/0/episodes/179
Special 180,"""Series 3 TV Spots (Part 2)""",72%,2007-11-05T18:30:00Z,45m,https://trakt.tv/shows/doctor-who-2005/seasons/0/episodes/180
Special 181,"""Series 3 TV Spots (Part 3)""",72%,2007-11-05T18:30:00Z,45m,https://trakt.tv/shows/doctor-who-2005/seasons/0/episodes/181
Special 182,"""David Tennant's Series 3 Video Diary""",72%,2007-11-05T18:30:00Z,1h 45m,https://trakt.tv/shows/doctor-who-2005/seasons/0/episodes/182
Special 183,"""Easter Egg (from 'Blink')""",70%,2007-11-05T18:30:00Z,5m,https://trakt.tv/shows/doctor-who-2005/seasons/0/episodes/183
Special 184,"""David Tennant's Series 4 Video Diary (Part 1)""",71%,2007-11-05T18:30:00Z,15m,https://trakt.tv/shows/doctor-who-2005/seasons/0/episodes/184
Special 185,"""David Tennant's Series 4 Video Diary (Part 2)""",71%,2007-11-05T18:30:00Z,8m,https://trakt.tv/shows/doctor-who-2005/seasons/0/episodes/185
Special 186,"""Series 4 Deleted Scenes: Voyage of the Damned""",71%,2007-11-05T18:30:00Z,3m,https://trakt.tv/shows/doctor-who-2005/seasons/0/episodes/186
Special 187,"""Series 4 Deleted Scenes: Howard Attfield""",72%,2007-11-05T18:30:00Z,7m,https://trakt.tv/shows/doctor-who-2005/seasons/0/episodes/187
Special 188,"""Series 4 Deleted Scenes: Episodes 1-3""",72%,2007-11-05T18:30:00Z,11m,https://trakt.tv/shows/doctor-who-2005/seasons/0/episodes/188
Special 189,"""Series 4 Deleted Scenes - Episodes 6-7""",72%,2007-11-05T18:30:00Z,13m,https://trakt.tv/shows/doctor-who-2005/seasons/0/episodes/189
Special 190,"""Series 4 Deleted Scenes - Episodes 9-13""",72%,2007-11-05T18:30:00Z,13m,https://trakt.tv/shows/doctor-who-2005/seasons/0/episodes/190
Special 191,"""Series 4 TV Spots (Part 1)""",61%,2007-11-05T18:30:00Z,45m,https://trakt.tv/shows/doctor-who-2005/seasons/0/episodes/191
Special 192,"""Series 4 TV Spots (Part 2)""",72%,2007-11-05T18:30:00Z,45m,https://trakt.tv/shows/doctor-who-2005/seasons/0/episodes/192
Special 193,"""Series 4 TV Spots (Part 3)""",72%,2007-11-05T18:30:00Z,45m,https://trakt.tv/shows/doctor-who-2005/seasons/0/episodes/193
Special 194,"""Series 4 TV Spots (Part 4)""",72%,2007-11-05T18:30:00Z,45m,https://trakt.tv/shows/doctor-who-2005/seasons/0/episodes/194
Special 195,"""David Tennant's Video Diary: The Final Days""",71%,2010-01-11T18:30:00Z,12m,https://trakt.tv/shows/doctor-who-2005/seasons/0/episodes/195
Special 196,"""BBC1 Christmas Idents""",74%,2010-01-11T18:30:00Z,1m,https://trakt.tv/shows/doctor-who-2005/seasons/0/episodes/196
Special 197,"""Doctor Who at Comic-Con 2009""",74%,2010-01-11T18:30:00Z,45m,https://trakt.tv/shows/doctor-who-2005/seasons/0/episodes/197
Special 198,"""Series 4 Specials Deleted Scenes""",78%,2010-01-11T18:30:00Z,17m,https://trakt.tv/shows/doctor-who-2005/seasons/0/episodes/198
Special 199,"""In Conversation With: David Tennant""",66%,2010-01-11T18:30:00Z,17m,https://trakt.tv/shows/doctor-who-2005/seasons/0/episodes/199
Special 200,"""Monster Files: The Daleks""",86%,2010-11-08T18:30:00Z,10m,https://trakt.tv/shows/doctor-who-2005/seasons/0/episodes/200
Special 201,"""Monster Files: The Weeping Angels""",86%,2010-11-08T18:30:00Z,10m,https://trakt.tv/shows/doctor-who-2005/seasons/0/episodes/201
Special 202,"""Monster Files: The Silurians""",84%,2010-11-08T18:30:00Z,9m,https://trakt.tv/shows/doctor-who-2005/seasons/0/episodes/202
Special 203,"""Monster Files: The Alliance""",80%,2010-11-08T18:30:00Z,9m,https://trakt.tv/shows/doctor-who-2005/seasons/0/episodes/203
Special 204,"""Series 5 Video Diaries: Part 1""",73%,2010-11-08T18:30:00Z,9m,https://trakt.tv/shows/doctor-who-2005/seasons/0/episodes/204
Special 205,"""Series 5 Video Diaries: Part 2""",73%,2010-11-08T18:30:00Z,9m,https://trakt.tv/shows/doctor-who-2005/seasons/0/episodes/205
Special 206,"""Series 5 Video Diaries: Part 3""",73%,2010-11-08T18:30:00Z,10m,https://trakt.tv/shows/doctor-who-2005/seasons/0/episodes/206
Special 207,"""Season 5 Outtakes""",75%,2010-11-08T18:30:00Z,7m,https://trakt.tv/shows/doctor-who-2005/seasons/0/episodes/207
Special 208,"""Eve of the Daleks""",73%,2022-01-01T18:30:00Z,59m,https://trakt.tv/shows/doctor-who-2005/seasons/0/episodes/208
Special 209,"""Legend of the Sea Devils""",56%,2022-04-17T17:30:00Z,48m,https://trakt.tv/shows/doctor-who-2005/seasons/0/episodes/209
Special 210,"""The Power of the Doctor""",76%,2022-10-23T17:30:00Z,1h 29m,https://trakt.tv/shows/doctor-who-2005/seasons/0/episodes/210
1x01,"""Rose""",75%,2005-03-26T18:30:00Z,47m,https://trakt.tv/shows/doctor-who-2005/seasons/1/episodes/1
1x02,"""The End of the World""",76%,2005-04-02T17:30:00Z,47m,https://trakt.tv/shows/doctor-who-2005/seasons/1/episodes/2
1x03,"""The Unquiet Dead""",74%,2005-04-09T17:30:00Z,47m,https://trakt.tv/shows/doctor-who-2005/seasons/1/episodes/3
1x04,"""Aliens of London (1)""",73%,2005-04-16T17:30:00Z,45m,https://trakt.tv/shows/doctor-who-2005/seasons/1/episodes/4
1x05,"""World War Three (2)""",73%,2005-04-23T17:30:00Z,43m,https://trakt.tv/shows/doctor-who-2005/seasons/1/episodes/5
1x06,"""Dalek""",81%,2005-04-30T17:30:00Z,48m,https://trakt.tv/shows/doctor-who-2005/seasons/1/episodes/6
1x07,"""The Long Game""",75%,2005-05-07T17:30:00Z,45m,https://trakt.tv/shows/doctor-who-2005/seasons/1/episodes/7
1x08,"""Father's Day""",79%,2005-05-14T17:30:00Z,43m,https://trakt.tv/shows/doctor-who-2005/seasons/1/episodes/8
1x09,"""The Empty Child (1)""",83%,2005-05-21T17:30:00Z,42m,https://trakt.tv/shows/doctor-who-2005/seasons/1/episodes/9
1x10,"""The Doctor Dances (2)""",83%,2005-05-28T17:30:00Z,43m,https://trakt.tv/shows/doctor-who-2005/seasons/1/episodes/10
1x11,"""Boom Town""",75%,2005-06-04T17:30:00Z,43m,https://trakt.tv/shows/doctor-who-2005/seasons/1/episodes/11
1x12,"""Bad Wolf (1)""",82%,2005-06-11T17:30:00Z,43m,https://trakt.tv/shows/doctor-who-2005/seasons/1/episodes/12
1x13,"""The Parting of the Ways (2)""",85%,2005-06-18T17:30:00Z,48m,https://trakt.tv/shows/doctor-who-2005/seasons/1/episodes/13
2x01,"""New Earth""",78%,2006-04-15T17:30:00Z,47m,https://trakt.tv/shows/doctor-who-2005/seasons/2/episodes/1
2x02,"""Tooth and Claw""",77%,2006-04-22T17:30:00Z,47m,https://trakt.tv/shows/doctor-who-2005/seasons/2/episodes/2
2x03,"""School Reunion""",78%,2006-04-29T17:30:00Z,47m,https://trakt.tv/shows/doctor-who-2005/seasons/2/episodes/3
2x04,"""The Girl in the Fireplace""",84%,2006-05-06T17:30:00Z,47m,https://trakt.tv/shows/doctor-who-2005/seasons/2/episodes/4
2x05,"""Rise of the Cybermen (1)""",78%,2006-05-13T17:30:00Z,49m,https://trakt.tv/shows/doctor-who-2005/seasons/2/episodes/5
2x06,"""The Age of Steel (2)""",78%,2006-05-20T17:30:00Z,49m,https://trakt.tv/shows/doctor-who-2005/seasons/2/episodes/6
2x07,"""The Idiot's Lantern""",74%,2006-05-27T17:30:00Z,48m,https://trakt.tv/shows/doctor-who-2005/seasons/2/episodes/7
2x08,"""The Impossible Planet (1)""",82%,2006-06-03T17:30:00Z,48m,https://trakt.tv/shows/doctor-who-2005/seasons/2/episodes/8
2x09,"""The Satan Pit (2)""",83%,2006-06-10T17:30:00Z,50m,https://trakt.tv/shows/doctor-who-2005/seasons/2/episodes/9
2x10,"""Love & Monsters""",68%,2006-06-17T17:30:00Z,48m,https://trakt.tv/shows/doctor-who-2005/seasons/2/episodes/10
2x11,"""Fear Her""",70%,2006-06-24T17:30:00Z,47m,https://trakt.tv/shows/doctor-who-2005/seasons/2/episodes/11
2x12,"""Army of Ghosts (1)""",82%,2006-07-01T17:30:00Z,46m,https://trakt.tv/shows/doctor-who-2005/seasons/2/episodes/12
2x13,"""Doomsday (2)""",87%,2006-07-08T17:30:00Z,49m,https://trakt.tv/shows/doctor-who-2005/seasons/2/episodes/13
3x01,"""Smith and Jones""",79%,2007-04-01T17:30:00Z,47m,https://trakt.tv/shows/doctor-who-2005/seasons/3/episodes/1
3x02,"""The Shakespeare Code""",77%,2007-04-07T17:30:00Z,48m,https://trakt.tv/shows/doctor-who-2005/seasons/3/episodes/2
3x03,"""Gridlock""",79%,2007-04-14T17:30:00Z,48m,https://trakt.tv/shows/doctor-who-2005/seasons/3/episodes/3
3x04,"""Daleks in Manhattan (1)""",74%,2007-04-21T17:30:00Z,50m,https://trakt.tv/shows/doctor-who-2005/seasons/3/episodes/4
3x05,"""Evolution of the Daleks (2)""",75%,2007-04-28T17:30:00Z,49m,https://trakt.tv/shows/doctor-who-2005/seasons/3/episodes/5
3x06,"""The Lazarus Experiment""",72%,2007-05-05T17:30:00Z,46m,https://trakt.tv/shows/doctor-who-2005/seasons/3/episodes/6
3x07,"""42""",75%,2007-05-19T17:30:00Z,48m,https://trakt.tv/shows/doctor-who-2005/seasons/3/episodes/7
3x08,"""Human Nature (1)""",81%,2007-05-26T17:30:00Z,48m,https://trakt.tv/shows/doctor-who-2005/seasons/3/episodes/8
3x09,"""The Family of Blood (2)""",84%,2007-06-02T17:30:00Z,46m,https://trakt.tv/shows/doctor-who-2005/seasons/3/episodes/9
3x10,"""Blink""",91%,2007-06-09T17:30:00Z,46m,https://trakt.tv/shows/doctor-who-2005/seasons/3/episodes/10
3x11,"""Utopia (1)""",83%,2007-06-16T17:30:00Z,49m,https://trakt.tv/shows/doctor-who-2005/seasons/3/episodes/11
3x12,"""The Sound of Drums (2)""",83%,2007-06-23T17:30:00Z,52m,https://trakt.tv/shows/doctor-who-2005/seasons/3/episodes/12
3x13,"""Last of the Time Lords (3)""",84%,2007-06-30T17:30:00Z,49m,https://trakt.tv/shows/doctor-who-2005/seasons/3/episodes/13
4x01,"""Partners in Crime""",80%,2008-04-05T17:30:00Z,51m,https://trakt.tv/shows/doctor-who-2005/seasons/4/episodes/1
4x02,"""The Fires of Pompeii""",80%,2008-04-12T17:30:00Z,51m,https://trakt.tv/shows/doctor-who-2005/seasons/4/episodes/2
4x03,"""Planet of the Ood""",79%,2008-04-19T17:30:00Z,46m,https://trakt.tv/shows/doctor-who-2005/seasons/4/episodes/3
4x04,"""The Sontaran Stratagem (1)""",77%,2008-04-26T17:30:00Z,47m,https://trakt.tv/shows/doctor-who-2005/seasons/4/episodes/4
4x05,"""The Poison Sky (2)""",78%,2008-05-03T17:30:00Z,47m,https://trakt.tv/shows/doctor-who-2005/seasons/4/episodes/5
4x06,"""The Doctor's Daughter""",80%,2008-05-10T17:30:00Z,48m,https://trakt.tv/shows/doctor-who-2005/seasons/4/episodes/6
4x07,"""The Unicorn and the Wasp""",78%,2008-05-17T17:30:00Z,47m,https://trakt.tv/shows/doctor-who-2005/seasons/4/episodes/7
4x08,"""Silence in the Library (1)""",86%,2008-05-31T17:30:00Z,45m,https://trakt.tv/shows/doctor-who-2005/seasons/4/episodes/8
4x09,"""Forest of the Dead (2)""",88%,2008-06-07T17:30:00Z,48m,https://trakt.tv/shows/doctor-who-2005/seasons/4/episodes/9
4x10,"""Midnight""",83%,2008-06-14T17:30:00Z,46m,https://trakt.tv/shows/doctor-who-2005/seasons/4/episodes/10
4x11,"""Turn Left""",86%,2008-06-21T17:30:00Z,52m,https://trakt.tv/shows/doctor-who-2005/seasons/4/episodes/11
4x12,"""The Stolen Earth (1)""",87%,2008-06-28T17:30:00Z,48m,https://trakt.tv/shows/doctor-who-2005/seasons/4/episodes/12
4x13,"""Journey's End (2)""",88%,2008-07-05T17:30:00Z,1h 6m,https://trakt.tv/shows/doctor-who-2005/seasons/4/episodes/13
5x01,"""The Eleventh Hour""",85%,2010-04-03T17:30:00Z,1h 5m,https://trakt.tv/shows/doctor-who-2005/seasons/5/episodes/1
5x02,"""The Beast Below""",80%,2010-04-10T17:30:00Z,42m,https://trakt.tv/shows/doctor-who-2005/seasons/5/episodes/2
5x03,"""Victory of the Daleks""",76%,2010-04-17T17:30:00Z,42m,https://trakt.tv/shows/doctor-who-2005/seasons/5/episodes/3
5x04,"""The Time of Angels (1)""",83%,2010-04-24T17:30:00Z,42m,https://trakt.tv/shows/doctor-who-2005/seasons/5/episodes/4
5x05,"""Flesh and Stone (2)""",84%,2010-05-01T17:30:00Z,43m,https://trakt.tv/shows/doctor-who-2005/seasons/5/episodes/5
5x06,"""The Vampires of Venice""",75%,2010-05-08T17:30:00Z,49m,https://trakt.tv/shows/doctor-who-2005/seasons/5/episodes/6
5x07,"""Amy's Choice""",80%,2010-05-15T17:30:00Z,45m,https://trakt.tv/shows/doctor-who-2005/seasons/5/episodes/7
5x08,"""The Hungry Earth (1)""",76%,2010-05-22T17:30:00Z,44m,https://trakt.tv/shows/doctor-who-2005/seasons/5/episodes/8
5x09,"""Cold Blood (2)""",78%,2010-05-29T17:30:00Z,46m,https://trakt.tv/shows/doctor-who-2005/seasons/5/episodes/9
5x10,"""Vincent and the Doctor""",89%,2010-06-05T17:30:00Z,47m,https://trakt.tv/shows/doctor-who-2005/seasons/5/episodes/10
5x11,"""The Lodger""",81%,2010-06-12T17:30:00Z,43m,https://trakt.tv/shows/doctor-who-2005/seasons/5/episodes/11
5x12,"""The Pandorica Opens (1)""",86%,2010-06-19T17:30:00Z,49m,https://trakt.tv/shows/doctor-who-2005/seasons/5/episodes/12
5x13,"""The Big Bang (2)""",88%,2010-06-26T17:30:00Z,54m,https://trakt.tv/shows/doctor-who-2005/seasons/5/episodes/13
6x01,"""The Impossible Astronaut (1)""",85%,2011-04-23T17:30:00Z,44m,https://trakt.tv/shows/doctor-who-2005/seasons/6/episodes/1
6x02,"""Day of the Moon (2)""",85%,2011-04-30T17:30:00Z,47m,https://trakt.tv/shows/doctor-who-2005/seasons/6/episodes/2
6x03,"""The Curse of the Black Spot""",74%,2011-05-07T17:30:00Z,46m,https://trakt.tv/shows/doctor-who-2005/seasons/6/episodes/3
6x04,"""The Doctor's Wife""",85%,2011-05-14T17:30:00Z,47m,https://trakt.tv/shows/doctor-who-2005/seasons/6/episodes/4
6x05,"""The Rebel Flesh (1)""",75%,2011-05-21T17:30:00Z,44m,https://trakt.tv/shows/doctor-who-2005/seasons/6/episodes/5
6x06,"""The Almost People (2)""",78%,2011-05-28T17:30:00Z,46m,https://trakt.tv/shows/doctor-who-2005/seasons/6/episodes/6
6x07,"""A Good Man Goes to War (1)""",87%,2011-06-04T17:30:00Z,49m,https://trakt.tv/shows/doctor-who-2005/seasons/6/episodes/7
6x08,"""Let's Kill Hitler (2)""",83%,2011-08-27T17:30:00Z,49m,https://trakt.tv/shows/doctor-who-2005/seasons/6/episodes/8
6x09,"""Night Terrors""",74%,2011-09-03T17:30:00Z,44m,https://trakt.tv/shows/doctor-who-2005/seasons/6/episodes/9
6x10,"""The Girl Who Waited""",82%,2011-09-10T17:30:00Z,47m,https://trakt.tv/shows/doctor-who-2005/seasons/6/episodes/10
6x11,"""The God Complex""",79%,2011-09-17T17:30:00Z,49m,https://trakt.tv/shows/doctor-who-2005/seasons/6/episodes/11
6x12,"""Closing Time""",79%,2011-09-24T17:30:00Z,46m,https://trakt.tv/shows/doctor-who-2005/seasons/6/episodes/12
6x13,"""The Wedding of River Song""",85%,2011-10-01T17:30:00Z,46m,https://trakt.tv/shows/doctor-who-2005/seasons/6/episodes/13
7x01,"""Asylum of the Daleks""",84%,2012-09-01T17:30:00Z,49m,https://trakt.tv/shows/doctor-who-2005/seasons/7/episodes/1
7x02,"""Dinosaurs on a Spaceship""",77%,2012-09-08T17:30:00Z,46m,https://trakt.tv/shows/doctor-who-2005/seasons/7/episodes/2
7x03,"""A Town Called Mercy""",76%,2012-09-15T17:30:00Z,45m,https://trakt.tv/shows/doctor-who-2005/seasons/7/episodes/3
7x04,"""The Power of Three""",78%,2012-09-22T17:30:00Z,42m,https://trakt.tv/shows/doctor-who-2005/seasons/7/episodes/4
7x05,"""The Angels Take Manhattan""",87%,2012-09-29T17:30:00Z,45m,https://trakt.tv/shows/doctor-who-2005/seasons/7/episodes/5
7x06,"""The Bells of Saint John""",81%,2013-03-30T18:30:00Z,45m,https://trakt.tv/shows/doctor-who-2005/seasons/7/episodes/6
7x07,"""The Rings of Akhaten""",77%,2013-04-06T17:30:00Z,46m,https://trakt.tv/shows/doctor-who-2005/seasons/7/episodes/7
7x08,"""Cold War""",75%,2013-04-13T17:30:00Z,42m,https://trakt.tv/shows/doctor-who-2005/seasons/7/episodes/8
7x09,"""Hide""",78%,2013-04-20T17:30:00Z,45m,https://trakt.tv/shows/doctor-who-2005/seasons/7/episodes/9
7x10,"""Journey to the Centre of the TARDIS""",79%,2013-04-27T17:30:00Z,45m,https://trakt.tv/shows/doctor-who-2005/seasons/7/episodes/10
7x11,"""The Crimson Horror""",76%,2013-05-04T17:30:00Z,45m,https://trakt.tv/shows/doctor-who-2005/seasons/7/episodes/11
7x12,"""Nightmare in Silver""",79%,2013-05-11T17:30:00Z,45m,https://trakt.tv/shows/doctor-who-2005/seasons/7/episodes/12
7x13,"""The Name of the Doctor""",88%,2013-05-18T17:30:00Z,45m,https://trakt.tv/shows/doctor-who-2005/seasons/7/episodes/13
8x01,"""Deep Breath""",79%,2014-08-23T17:30:00Z,1h 17m,https://trakt.tv/shows/doctor-who-2005/seasons/8/episodes/1
8x02,"""Into the Dalek""",77%,2014-08-30T17:30:00Z,47m,https://trakt.tv/shows/doctor-who-2005/seasons/8/episodes/2
8x03,"""Robot of Sherwood""",75%,2014-09-06T17:30:00Z,47m,https://trakt.tv/shows/doctor-who-2005/seasons/8/episodes/3
8x04,"""Listen""",82%,2014-09-13T17:30:00Z,48m,https://trakt.tv/shows/doctor-who-2005/seasons/8/episodes/4
8x05,"""Time Heist""",80%,2014-09-20T17:30:00Z,45m,https://trakt.tv/shows/doctor-who-2005/seasons/8/episodes/5
8x06,"""The Caretaker""",76%,2014-09-27T17:30:00Z,45m,https://trakt.tv/shows/doctor-who-2005/seasons/8/episodes/6
8x07,"""Kill the Moon""",74%,2014-10-04T17:30:00Z,45m,https://trakt.tv/shows/doctor-who-2005/seasons/8/episodes/7
8x08,"""Mummy on the Orient Express""",80%,2014-10-11T17:30:00Z,47m,https://trakt.tv/shows/doctor-who-2005/seasons/8/episodes/8
8x09,"""Flatline""",79%,2014-10-18T17:30:00Z,43m,https://trakt.tv/shows/doctor-who-2005/seasons/8/episodes/9
8x10,"""In the Forest of the Night""",74%,2014-10-25T17:30:00Z,45m,https://trakt.tv/shows/doctor-who-2005/seasons/8/episodes/10
8x11,"""Dark Water""",82%,2014-11-01T18:30:00Z,46m,https://trakt.tv/shows/doctor-who-2005/seasons/8/episodes/11
8x12,"""Death in Heaven""",80%,2014-11-08T18:30:00Z,57m,https://trakt.tv/shows/doctor-who-2005/seasons/8/episodes/12
9x01,"""The Magician's Apprentice (1)""",81%,2015-09-19T17:30:00Z,47m,https://trakt.tv/shows/doctor-who-2005/seasons/9/episodes/1
9x02,"""The Witch's Familiar (2)""",80%,2015-09-26T17:30:00Z,48m,https://trakt.tv/shows/doctor-who-2005/seasons/9/episodes/2
9x03,"""Under the Lake (1)""",78%,2015-10-03T17:30:00Z,44m,https://trakt.tv/shows/doctor-who-2005/seasons/9/episodes/3
9x04,"""Before the Flood (2)""",78%,2015-10-10T17:30:00Z,43m,https://trakt.tv/shows/doctor-who-2005/seasons/9/episodes/4
9x05,"""The Girl Who Died (1)""",77%,2015-10-17T17:30:00Z,46m,https://trakt.tv/shows/doctor-who-2005/seasons/9/episodes/5
9x06,"""The Woman Who Lived (2)""",76%,2015-10-24T17:30:00Z,46m,https://trakt.tv/shows/doctor-who-2005/seasons/9/episodes/6
9x07,"""The Zygon Invasion (1)""",75%,2015-10-31T18:30:00Z,46m,https://trakt.tv/shows/doctor-who-2005/seasons/9/episodes/7
9x08,"""The Zygon Inversion (2)""",78%,2015-11-07T18:30:00Z,47m,https://trakt.tv/shows/doctor-who-2005/seasons/9/episodes/8
9x09,"""Sleep No More""",67%,2015-11-14T18:30:00Z,46m,https://trakt.tv/shows/doctor-who-2005/seasons/9/episodes/9
9x10,"""Face the Raven""",81%,2015-11-21T18:30:00Z,47m,https://trakt.tv/shows/doctor-who-2005/seasons/9/episodes/10
9x11,"""Heaven Sent (1)""",85%,2015-11-28T18:30:00Z,55m,https://trakt.tv/shows/doctor-who-2005/seasons/9/episodes/11
9x12,"""Hell Bent (2)""",83%,2015-12-05T18:30:00Z,1h 1m,https://trakt.tv/shows/doctor-who-2005/seasons/9/episodes/12
10x01,"""The Pilot""",79%,2017-04-15T17:30:00Z,50m,https://trakt.tv/shows/doctor-who-2005/seasons/10/episodes/1
10x02,"""Smile""",77%,2017-04-22T17:30:00Z,46m,https://trakt.tv/shows/doctor-who-2005/seasons/10/episodes/2
10x03,"""Thin Ice""",76%,2017-04-29T17:30:00Z,44m,https://trakt.tv/shows/doctor-who-2005/seasons/10/episodes/3
10x04,"""Knock Knock""",75%,2017-05-06T17:30:00Z,45m,https://trakt.tv/shows/doctor-who-2005/seasons/10/episodes/4
10x05,"""Oxygen""",77%,2017-05-13T17:30:00Z,45m,https://trakt.tv/shows/doctor-who-2005/seasons/10/episodes/5
10x06,"""Extremis (1)""",79%,2017-05-20T17:30:00Z,49m,https://trakt.tv/shows/doctor-who-2005/seasons/10/episodes/6
10x07,"""The Pyramid at the End of the World (2)""",78%,2017-05-27T17:30:00Z,47m,https://trakt.tv/shows/doctor-who-2005/seasons/10/episodes/7
10x08,"""The Lie of the Land (3)""",75%,2017-06-03T17:30:00Z,45m,https://trakt.tv/shows/doctor-who-2005/seasons/10/episodes/8
10x09,"""Empress of Mars""",74%,2017-06-10T17:30:00Z,44m,https://trakt.tv/shows/doctor-who-2005/seasons/10/episodes/9
10x10,"""The Eaters of Light""",75%,2017-06-17T17:30:00Z,42m,https://trakt.tv/shows/doctor-who-2005/seasons/10/episodes/10
10x11,"""World Enough and Time (1)""",82%,2017-06-24T17:30:00Z,46m,https://trakt.tv/shows/doctor-who-2005/seasons/10/episodes/11
10x12,"""The Doctor Falls (2)""",82%,2017-07-01T17:30:00Z,1h 1m,https://trakt.tv/shows/doctor-who-2005/seasons/10/episodes/12
11x01,"""The Woman Who Fell to Earth""",76%,2018-10-07T17:30:00Z,1h 3m,https://trakt.tv/shows/doctor-who-2005/seasons/11/episodes/1
11x02,"""The Ghost Monument""",74%,2018-10-14T17:30:00Z,49m,https://trakt.tv/shows/doctor-who-2005/seasons/11/episodes/2
11x03,"""Rosa""",77%,2018-10-21T17:30:00Z,50m,https://trakt.tv/shows/doctor-who-2005/seasons/11/episodes/3
11x04,"""Arachnids in the UK""",70%,2018-10-28T18:30:00Z,50m,https://trakt.tv/shows/doctor-who-2005/seasons/11/episodes/4
11x05,"""The Tsuranga Conundrum""",70%,2018-11-04T18:30:00Z,51m,https://trakt.tv/shows/doctor-who-2005/seasons/11/episodes/5
11x06,"""Demons of the Punjab""",76%,2018-11-11T18:30:00Z,51m,https://trakt.tv/shows/doctor-who-2005/seasons/11/episodes/6
11x07,"""Kerblam!""",73%,2018-11-18T18:30:00Z,49m,https://trakt.tv/shows/doctor-who-2005/seasons/11/episodes/7
11x08,"""The Witchfinders""",72%,2018-11-25T18:30:00Z,47m,https://trakt.tv/shows/doctor-who-2005/seasons/11/episodes/8
11x09,"""It Takes You Away""",73%,2018-12-02T18:30:00Z,50m,https://trakt.tv/shows/doctor-who-2005/seasons/11/episodes/9
11x10,"""The Battle of Ranskoor Av Kolos""",72%,2018-12-09T18:30:00Z,50m,https://trakt.tv/shows/doctor-who-2005/seasons/11/episodes/10
12x01,"""Spyfall (1)""",74%,2020-01-01T18:30:00Z,1h,https://trakt.tv/shows/doctor-who-2005/seasons/12/episodes/1
12x02,"""Spyfall (2)""",73%,2020-01-05T18:30:00Z,1h 1m,https://trakt.tv/shows/doctor-who-2005/seasons/12/episodes/2
12x03,"""Orphan 55""",63%,2020-01-12T18:30:00Z,47m,https://trakt.tv/shows/doctor-who-2005/seasons/12/episodes/3
12x04,"""Nikola Tesla's Night of Terror""",72%,2020-01-19T18:30:00Z,51m,https://trakt.tv/shows/doctor-who-2005/seasons/12/episodes/4
12x05,"""Fugitive of the Judoon""",78%,2020-01-26T18:30:00Z,50m,https://trakt.tv/shows/doctor-who-2005/seasons/12/episodes/5
12x06,"""Praxeus""",68%,2020-02-02T18:30:00Z,50m,https://trakt.tv/shows/doctor-who-2005/seasons/12/episodes/6
12x07,"""Can You Hear Me?""",70%,2020-02-09T18:30:00Z,50m,https://trakt.tv/shows/doctor-who-2005/seasons/12/episodes/7
12x08,"""The Haunting of Villa Diodati""",74%,2020-02-16T18:30:00Z,50m,https://trakt.tv/shows/doctor-who-2005/seasons/12/episodes/8
12x09,"""Ascension of the Cybermen (1)""",74%,2020-02-23T18:30:00Z,50m,https://trakt.tv/shows/doctor-who-2005/seasons/12/episodes/9
12x10,"""The Timeless Children (2)""",73%,2020-03-01T18:30:00Z,1h 6m,https://trakt.tv/shows/doctor-who-2005/seasons/12/episodes/10
13x01,"""The Halloween Apocalypse""",72%,2021-10-31T18:30:00Z,51m,https://trakt.tv/shows/doctor-who-2005/seasons/13/episodes/1
13x02,"""War of the Sontarans""",73%,2021-11-07T18:30:00Z,1h,https://trakt.tv/shows/doctor-who-2005/seasons/13/episodes/2
13x03,"""Once, Upon Time""",70%,2021-11-14T18:30:00Z,50m,https://trakt.tv/shows/doctor-who-2005/seasons/13/episodes/3
13x04,"""Village of the Angels""",76%,2021-11-21T18:30:00Z,57m,https://trakt.tv/shows/doctor-who-2005/seasons/13/episodes/4
13x05,"""Survivors of the Flux""",71%,2021-11-28T18:30:00Z,51m,https://trakt.tv/shows/doctor-who-2005/seasons/13/episodes/5
13x06,"""The Vanquishers""",68%,2021-12-05T18:30:00Z,1h,https://trakt.tv/shows/doctor-who-2005/seasons/13/episodes/6
